KEY;"(3128c70c94e9)                                                                                                                                                                                                                                                  ";X;LOCK;GRANT;TRANSACTION;user_transaction;2024-10-21 17:25:11.357;0;67;KLABIN\svc_optiklab_dev;bottle_flat;RID_632E1F7F0018;ORTSRVDEV0951;Microsoft Open Database Connectivity
KEY;"(0b81c428bbab)                                                                                                                                                                                                                                                  ";X;LOCK;GRANT;TRANSACTION;user_transaction;2024-10-21 17:25:11.357;0;67;KLABIN\svc_optiklab_dev;bottle_flat;RID_632E1F7F0018;ORTSRVDEV0951;Microsoft Open Database Connectivity
KEY;"(d1ef675cd3cd)                                                                                                                                                                                                                                                  ";X;LOCK;GRANT;TRANSACTION;user_transaction;2024-10-21 17:25:11.357;0;67;KLABIN\svc_optiklab_dev;bottle_flat;PK__bottle_f__6C87462ED3024286;ORTSRVDEV0951;Microsoft Open Database Connectivity
KEY;"(dde405315623)                                                                                                                                                                                                                                                  ";X;LOCK;GRANT;TRANSACTION;user_transaction;2024-10-21 17:25:11.357;0;67;KLABIN\svc_optiklab_dev;bottle_flat;PK__bottle_f__6C87462ED3024286;ORTSRVDEV0951;Microsoft Open Database Connectivity
KEY;"(b3ca6a35fa04)                                                                                                                                                                                                                                                  ";X;LOCK;GRANT;TRANSACTION;user_transaction;2024-10-21 17:25:11.357;0;67;KLABIN\svc_optiklab_dev;bottle_flat;RID_632E1F7F0018;ORTSRVDEV0951;Microsoft Open Database Connectivity
KEY;"(6e76b7b2c535)                                                                                                                                                                                                                                                  ";X;LOCK;GRANT;TRANSACTION;user_transaction;2024-10-21 17:25:11.357;0;67;KLABIN\svc_optiklab_dev;bottle_flat;PK__bottle_f__6C87462ED3024286;ORTSRVDEV0951;Microsoft Open Database Connectivity
KEY;"(a7e4c1d1b0d3)                                                                                                                                                                                                                                                  ";X;LOCK;GRANT;TRANSACTION;user_transaction;2024-10-21 17:25:11.357;0;67;KLABIN\svc_optiklab_dev;bottle_flat;PK__bottle_f__6C87462ED3024286;ORTSRVDEV0951;Microsoft Open Database Connectivity
KEY;"(a2d7a5ec7bd3)                                                                                                                                                                                                                                                  ";X;LOCK;GRANT;TRANSACTION;user_transaction;2024-10-21 17:25:11.357;0;67;KLABIN\svc_optiklab_dev;bottle_flat;PK__bottle_f__6C87462ED3024286;ORTSRVDEV0951;Microsoft Open Database Connectivity
KEY;"(1d4e75026d2b)                                                                                                                                                                                                                                                  ";X;LOCK;GRANT;TRANSACTION;user_transaction;2024-10-21 17:25:11.357;0;67;KLABIN\svc_optiklab_dev;bottle_flat;PK__bottle_f__6C87462ED3024286;ORTSRVDEV0951;Microsoft Open Database Connectivity
KEY;"(1145176fe8c5)                                                                                                                                                                                                                                                  ";X;LOCK;GRANT;TRANSACTION;user_transaction;2024-10-21 17:25:11.357;0;67;KLABIN\svc_optiklab_dev;bottle_flat;PK__bottle_f__6C87462ED3024286;ORTSRVDEV0951;Microsoft Open Database Connectivity
KEY;"(fc3536ab7c91)                                                                                                                                                                                                                                                  ";X;LOCK;GRANT;TRANSACTION;user_transaction;2024-10-21 17:25:11.357;0;67;KLABIN\svc_optiklab_dev;bottle_flat;RID_632E1F7F0018;ORTSRVDEV0951;Microsoft Open Database Connectivity
KEY;"(674eb1e28bdb)                                                                                                                                                                                                                                                  ";X;LOCK;GRANT;TRANSACTION;user_transaction;2024-10-21 17:25:11.357;0;67;KLABIN\svc_optiklab_dev;bottle_flat;PK__bottle_f__6C87462ED3024286;ORTSRVDEV0951;Microsoft Open Database Connectivity
KEY;"(a7173218ec00)                                                                                                                                                                                                                                                  ";X;LOCK;GRANT;TRANSACTION;user_transaction;2024-10-21 17:25:11.357;0;67;KLABIN\svc_optiklab_dev;bottle_flat;PK__bottle_f__6C87462ED3024286;ORTSRVDEV0951;Microsoft Open Database Connectivity
KEY;"(ef75f4df6911)                                                                                                                                                                                                                                                  ";X;LOCK;GRANT;TRANSACTION;user_transaction;2024-10-21 17:25:11.357;0;67;KLABIN\svc_optiklab_dev;bottle_flat;RID_632E1F7F0018;ORTSRVDEV0951;Microsoft Open Database Connectivity
KEY;"(d5021340ca80)                                                                                                                                                                                                                                                  ";X;LOCK;GRANT;TRANSACTION;user_transaction;2024-10-21 17:25:11.357;0;67;KLABIN\svc_optiklab_dev;bottle_flat;RID_632E1F7F0018;ORTSRVDEV0951;Microsoft Open Database Connectivity
KEY;"(12f69c121659)                                                                                                                                                                                                                                                  ";X;LOCK;GRANT;TRANSACTION;user_transaction;2024-10-21 17:25:11.357;0;67;KLABIN\svc_optiklab_dev;bottle_flat;RID_632E1F7F0018;ORTSRVDEV0951;Microsoft Open Database Connectivity
KEY;"(f6de6fa52a48)                                                                                                                                                                                                                                                  ";X;LOCK;GRANT;TRANSACTION;user_transaction;2024-10-21 17:25:11.357;0;67;KLABIN\svc_optiklab_dev;bottle_flat;RID_632E1F7F0018;ORTSRVDEV0951;Microsoft Open Database Connectivity
KEY;"(188ee2f6faf8)                                                                                                                                                                                                                                                  ";X;LOCK;GRANT;TRANSACTION;user_transaction;2024-10-21 17:25:11.357;0;67;KLABIN\svc_optiklab_dev;bottle_flat;PK__bottle_f__6C87462ED3024286;ORTSRVDEV0951;Microsoft Open Database Connectivity
KEY;"(1485809b7f16)                                                                                                                                                                                                                                                  ";X;LOCK;GRANT;TRANSACTION;user_transaction;2024-10-21 17:25:11.357;0;67;KLABIN\svc_optiklab_dev;bottle_flat;PK__bottle_f__6C87462ED3024286;ORTSRVDEV0951;Microsoft Open Database Connectivity
KEY;"(318c9ac3bd41)                                                                                                                                                                                                                                                  ";X;LOCK;GRANT;TRANSACTION;user_transaction;2024-10-21 17:25:11.357;0;67;KLABIN\svc_optiklab_dev;bottle_flat;RID_632E1F7F0018;ORTSRVDEV0951;Microsoft Open Database Connectivity
KEY;"(422650d0d935)                                                                                                                                                                                                                                                  ";X;LOCK;GRANT;TRANSACTION;user_transaction;2024-10-21 17:25:11.357;0;67;KLABIN\svc_optiklab_dev;bottle_flat;RID_632E1F7F0018;ORTSRVDEV0951;Microsoft Open Database Connectivity
KEY;"(c0ee7bef80d1)                                                                                                                                                                                                                                                  ";X;LOCK;GRANT;TRANSACTION;user_transaction;2024-10-21 17:25:11.357;0;67;KLABIN\svc_optiklab_dev;bottle_flat;RID_632E1F7F0018;ORTSRVDEV0951;Microsoft Open Database Connectivity
KEY;"(d82492c5c1f0)                                                                                                                                                                                                                                                  ";X;LOCK;GRANT;TRANSACTION;user_transaction;2024-10-21 17:25:11.357;0;67;KLABIN\svc_optiklab_dev;bottle_flat;PK__bottle_f__6C87462ED3024286;ORTSRVDEV0951;Microsoft Open Database Connectivity
KEY;"(d67e91179150)                                                                                                                                                                                                                                                  ";X;LOCK;GRANT;TRANSACTION;user_transaction;2024-10-21 17:25:11.357;0;67;KLABIN\svc_optiklab_dev;bottle_flat;RID_632E1F7F0018;ORTSRVDEV0951;Microsoft Open Database Connectivity
KEY;"(d42ff0a8441e)                                                                                                                                                                                                                                                  ";X;LOCK;GRANT;TRANSACTION;user_transaction;2024-10-21 17:25:11.357;0;67;KLABIN\svc_optiklab_dev;bottle_flat;PK__bottle_f__6C87462ED3024286;ORTSRVDEV0951;Microsoft Open Database Connectivity
KEY;"(122016f1e642)                                                                                                                                                                                                                                                  ";X;LOCK;GRANT;TRANSACTION;user_transaction;2024-10-21 17:25:11.357;0;67;KLABIN\svc_optiklab_dev;bottle_flat;RID_632E1F7F0018;ORTSRVDEV0951;Microsoft Open Database Connectivity
KEY;"(1854d6d0c30b)                                                                                                                                                                                                                                                  ";X;LOCK;GRANT;TRANSACTION;user_transaction;2024-10-21 17:25:11.357;0;67;KLABIN\svc_optiklab_dev;bottle_flat;RID_632E1F7F0018;ORTSRVDEV0951;Microsoft Open Database Connectivity
KEY;"(106b4370f212)                                                                                                                                                                                                                                                  ";X;LOCK;GRANT;TRANSACTION;user_transaction;2024-10-21 17:25:11.357;0;67;KLABIN\svc_optiklab_dev;bottle_flat;RID_632E1F7F0018;ORTSRVDEV0951;Microsoft Open Database Connectivity
KEY;"(90743e77fb6c)                                                                                                                                                                                                                                                  ";X;LOCK;GRANT;TRANSACTION;user_transaction;2024-10-21 17:25:11.357;0;67;KLABIN\svc_optiklab_dev;bottle_flat;RID_632E1F7F0018;ORTSRVDEV0951;Microsoft Open Database Connectivity
KEY;"(6bb6204652e6)                                                                                                                                                                                                                                                  ";X;LOCK;GRANT;TRANSACTION;user_transaction;2024-10-21 17:25:11.357;0;67;KLABIN\svc_optiklab_dev;bottle_flat;PK__bottle_f__6C87462ED3024286;ORTSRVDEV0951;Microsoft Open Database Connectivity
KEY;"(961e467765e6)                                                                                                                                                                                                                                                  ";X;LOCK;GRANT;TRANSACTION;user_transaction;2024-10-21 17:25:11.357;0;67;KLABIN\svc_optiklab_dev;bottle_flat;RID_632E1F7F0018;ORTSRVDEV0951;Microsoft Open Database Connectivity
KEY;"(0e230f2bd831)                                                                                                                                                                                                                                                  ";X;LOCK;GRANT;TRANSACTION;user_transaction;2024-10-21 17:25:11.357;0;67;KLABIN\svc_optiklab_dev;bottle_flat;PK__bottle_f__6C87462ED3024286;ORTSRVDEV0951;Microsoft Open Database Connectivity
KEY;"(02286d465ddf)                                                                                                                                                                                                                                                  ";X;LOCK;GRANT;TRANSACTION;user_transaction;2024-10-21 17:25:11.357;0;67;KLABIN\svc_optiklab_dev;bottle_flat;PK__bottle_f__6C87462ED3024286;ORTSRVDEV0951;Microsoft Open Database Connectivity
KEY;"(7828a9a6bb2f)                                                                                                                                                                                                                                                  ";X;LOCK;GRANT;TRANSACTION;user_transaction;2024-10-21 17:25:11.357;0;67;KLABIN\svc_optiklab_dev;bottle_flat;PK__bottle_f__6C87462ED3024286;ORTSRVDEV0951;Microsoft Open Database Connectivity
KEY;"(f988f5bc0e9f)                                                                                                                                                                                                                                                  ";X;LOCK;GRANT;TRANSACTION;user_transaction;2024-10-21 17:25:11.357;0;67;KLABIN\svc_optiklab_dev;bottle_flat;RID_632E1F7F0018;ORTSRVDEV0951;Microsoft Open Database Connectivity
KEY;"(3f872cc230ba)                                                                                                                                                                                                                                                  ";X;LOCK;GRANT;TRANSACTION;user_transaction;2024-10-21 17:25:11.357;0;67;KLABIN\svc_optiklab_dev;bottle_flat;RID_632E1F7F0018;ORTSRVDEV0951;Microsoft Open Database Connectivity
KEY;"(dbd8d85a0a9e)                                                                                                                                                                                                                                                  ";X;LOCK;GRANT;TRANSACTION;user_transaction;2024-10-21 17:25:11.357;0;67;KLABIN\svc_optiklab_dev;bottle_flat;RID_632E1F7F0018;ORTSRVDEV0951;Microsoft Open Database Connectivity
KEY;"(5f1fb2d99edf)                                                                                                                                                                                                                                                  ";X;LOCK;GRANT;TRANSACTION;user_transaction;2024-10-21 17:25:11.357;0;67;KLABIN\svc_optiklab_dev;bottle_flat;RID_632E1F7F0018;ORTSRVDEV0951;Microsoft Open Database Connectivity
KEY;"(5af978ced4c5)                                                                                                                                                                                                                                                  ";X;LOCK;GRANT;TRANSACTION;user_transaction;2024-10-21 17:25:11.357;0;67;KLABIN\svc_optiklab_dev;bottle_flat;RID_632E1F7F0018;ORTSRVDEV0951;Microsoft Open Database Connectivity
KEY;"(b882d9958027)                                                                                                                                                                                                                                                  ";X;LOCK;GRANT;TRANSACTION;user_transaction;2024-10-21 17:25:11.357;0;67;KLABIN\svc_optiklab_dev;bottle_flat;PK__bottle_f__6C87462ED3024286;ORTSRVDEV0951;Microsoft Open Database Connectivity
KEY;"(071b097b96df)                                                                                                                                                                                                                                                  ";X;LOCK;GRANT;TRANSACTION;user_transaction;2024-10-21 17:25:11.357;0;67;KLABIN\svc_optiklab_dev;bottle_flat;PK__bottle_f__6C87462ED3024286;ORTSRVDEV0951;Microsoft Open Database Connectivity
KEY;"(3d57aab6f1be)                                                                                                                                                                                                                                                  ";X;LOCK;GRANT;TRANSACTION;user_transaction;2024-10-21 17:25:11.357;0;67;KLABIN\svc_optiklab_dev;bottle_flat;RID_632E1F7F0018;ORTSRVDEV0951;Microsoft Open Database Connectivity
KEY;"(c2821d7566d7)                                                                                                                                                                                                                                                  ";X;LOCK;GRANT;TRANSACTION;user_transaction;2024-10-21 17:25:11.357;0;67;KLABIN\svc_optiklab_dev;bottle_flat;PK__bottle_f__6C87462ED3024286;ORTSRVDEV0951;Microsoft Open Database Connectivity
KEY;"(ce897f18e339)                                                                                                                                                                                                                                                  ";X;LOCK;GRANT;TRANSACTION;user_transaction;2024-10-21 17:25:11.357;0;67;KLABIN\svc_optiklab_dev;bottle_flat;PK__bottle_f__6C87462ED3024286;ORTSRVDEV0951;Microsoft Open Database Connectivity
KEY;"(b7183d334e61)                                                                                                                                                                                                                                                  ";X;LOCK;GRANT;TRANSACTION;user_transaction;2024-10-21 17:25:11.357;0;67;KLABIN\svc_optiklab_dev;bottle_flat;RID_632E1F7F0018;ORTSRVDEV0951;Microsoft Open Database Connectivity
KEY;"(0be398df4fe2)                                                                                                                                                                                                                                                  ";X;LOCK;GRANT;TRANSACTION;user_transaction;2024-10-21 17:25:11.357;0;67;KLABIN\svc_optiklab_dev;bottle_flat;PK__bottle_f__6C87462ED3024286;ORTSRVDEV0951;Microsoft Open Database Connectivity
KEY;"(07e8fab2ca0c)                                                                                                                                                                                                                                                  ";X;LOCK;GRANT;TRANSACTION;user_transaction;2024-10-21 17:25:11.357;0;67;KLABIN\svc_optiklab_dev;bottle_flat;PK__bottle_f__6C87462ED3024286;ORTSRVDEV0951;Microsoft Open Database Connectivity
KEY;"(156af395a2e8)                                                                                                                                                                                                                                                  ";X;LOCK;GRANT;TRANSACTION;user_transaction;2024-10-21 17:25:11.357;0;67;KLABIN\svc_optiklab_dev;bottle_flat;RID_632E1F7F0018;ORTSRVDEV0951;Microsoft Open Database Connectivity
KEY;"(c7428a81f104)                                                                                                                                                                                                                                                  ";X;LOCK;GRANT;TRANSACTION;user_transaction;2024-10-21 17:25:11.357;0;67;KLABIN\svc_optiklab_dev;bottle_flat;PK__bottle_f__6C87462ED3024286;ORTSRVDEV0951;Microsoft Open Database Connectivity
KEY;"(cb49e8ec74ea)                                                                                                                                                                                                                                                  ";X;LOCK;GRANT;TRANSACTION;user_transaction;2024-10-21 17:25:11.357;0;67;KLABIN\svc_optiklab_dev;bottle_flat;PK__bottle_f__6C87462ED3024286;ORTSRVDEV0951;Microsoft Open Database Connectivity
KEY;"(dfbf18507af4)                                                                                                                                                                                                                                                  ";X;LOCK;GRANT;TRANSACTION;user_transaction;2024-10-21 17:25:11.357;0;67;KLABIN\svc_optiklab_dev;bottle_flat;RID_632E1F7F0018;ORTSRVDEV0951;Microsoft Open Database Connectivity
KEY;"(f99c100806c8)                                                                                                                                                                                                                                                  ";X;LOCK;GRANT;TRANSACTION;user_transaction;2024-10-21 17:25:11.357;0;67;KLABIN\svc_optiklab_dev;interface_error_log;PK__interfac__1021610426A13CA7;ORTSRVDEV0951;Microsoft Open Database Connectivity
KEY;"(88d68e917967)                                                                                                                                                                                                                                                  ";X;LOCK;GRANT;TRANSACTION;user_transaction;2024-10-21 17:25:11.357;0;67;KLABIN\svc_optiklab_dev;interface_error_log;RID_63B9A7560463;ORTSRVDEV0951;Microsoft Open Database Connectivity
KEY;"(54a0289a6ead)                                                                                                                                                                                                                                                  ";X;LOCK;GRANT;TRANSACTION;user_transaction;2024-10-21 17:25:11.357;0;67;KLABIN\svc_optiklab_dev;interface_error_log;RID_63B9A7560463;ORTSRVDEV0951;Microsoft Open Database Connectivity
KEY;"(11859fee9b49)                                                                                                                                                                                                                                                  ";X;LOCK;GRANT;TRANSACTION;user_transaction;2024-10-21 17:25:11.357;0;67;KLABIN\svc_optiklab_dev;interface_error_log;RID_63B9A7560463;ORTSRVDEV0951;Microsoft Open Database Connectivity
KEY;"(3c69dce18883)                                                                                                                                                                                                                                                  ";X;LOCK;GRANT;TRANSACTION;user_transaction;2024-10-21 17:25:11.357;0;67;KLABIN\svc_optiklab_dev;interface_error_log;PK__interfac__1021610426A13CA7;ORTSRVDEV0951;Microsoft Open Database Connectivity
KEY;"(8e0c6330b558)                                                                                                                                                                                                                                                  ";X;LOCK;GRANT;TRANSACTION;user_transaction;2024-10-21 17:25:11.357;0;67;KLABIN\svc_optiklab_dev;interface_error_log;PK__interfac__1021610426A13CA7;ORTSRVDEV0951;Microsoft Open Database Connectivity
KEY;"(bb87f34a5c1d)                                                                                                                                                                                                                                                  ";X;LOCK;GRANT;TRANSACTION;user_transaction;2024-10-21 17:25:11.357;0;67;KLABIN\svc_optiklab_dev;interface_error_log;RID_63B9A7560463;ORTSRVDEV0951;Microsoft Open Database Connectivity
KEY;"(9c02938d5663)                                                                                                                                                                                                                                                  ";X;LOCK;GRANT;TRANSACTION;user_transaction;2024-10-21 17:25:11.357;0;67;KLABIN\svc_optiklab_dev;interface_error_log;RID_63B9A7560463;ORTSRVDEV0951;Microsoft Open Database Connectivity
KEY;"(af03985f7f95)                                                                                                                                                                                                                                                  ";X;LOCK;GRANT;TRANSACTION;user_transaction;2024-10-21 17:25:11.357;0;67;KLABIN\svc_optiklab_dev;interface_error_log;PK__interfac__1021610426A13CA7;ORTSRVDEV0951;Microsoft Open Database Connectivity
KEY;"(246c829907bf)                                                                                                                                                                                                                                                  ";X;LOCK;GRANT;TRANSACTION;user_transaction;2024-10-21 17:25:11.357;0;67;KLABIN\svc_optiklab_dev;interface_error_log;PK__interfac__1021610426A13CA7;ORTSRVDEV0951;Microsoft Open Database Connectivity
KEY;"(3e80335970dd)                                                                                                                                                                                                                                                  ";X;LOCK;GRANT;TRANSACTION;user_transaction;2024-10-21 17:25:11.357;0;67;KLABIN\svc_optiklab_dev;message_stat_receive;RID_63177F950226;ORTSRVDEV0951;Microsoft Open Database Connectivity
KEY;"(05d571782f1b)                                                                                                                                                                                                                                                  ";X;LOCK;GRANT;TRANSACTION;user_transaction;2024-10-21 17:25:11.357;0;67;KLABIN\svc_optiklab_dev;message_stat_receive;PK__message___4E3ED676ED16D31E;ORTSRVDEV0951;Microsoft Open Database Connectivity
KEY;"(82c6a1b002a7)                                                                                                                                                                                                                                                  ";X;LOCK;GRANT;TRANSACTION;user_transaction;2024-10-21 17:25:11.357;0;67;KLABIN\svc_optiklab_dev;message_stat_receive;RID_63177F950226;ORTSRVDEV0951;Microsoft Open Database Connectivity
KEY;"(ca6d2a094bac)                                                                                                                                                                                                                                                  ";X;LOCK;GRANT;TRANSACTION;user_transaction;2024-10-21 17:25:11.357;0;67;KLABIN\svc_optiklab_dev;message_stat_receive;PK__message___4E3ED676ED16D31E;ORTSRVDEV0951;Microsoft Open Database Connectivity
KEY;"(97dc6a8f8a1f)                                                                                                                                                                                                                                                  ";X;LOCK;GRANT;TRANSACTION;user_transaction;2024-10-21 17:25:11.357;0;67;KLABIN\svc_optiklab_dev;message_stat_receive;RID_63177F950226;ORTSRVDEV0951;Microsoft Open Database Connectivity
KEY;"(13b4cd713dda)                                                                                                                                                                                                                                                  ";X;LOCK;GRANT;TRANSACTION;user_transaction;2024-10-21 17:25:11.357;0;67;KLABIN\svc_optiklab_dev;message_stat_receive;PK__message___4E3ED676ED16D31E;ORTSRVDEV0951;Microsoft Open Database Connectivity
KEY;"(0b61ad72f09e)                                                                                                                                                                                                                                                  ";X;LOCK;GRANT;TRANSACTION;user_transaction;2024-10-21 17:25:11.357;0;67;KLABIN\svc_optiklab_dev;order_blocks;RID_632E1F7F00BB;ORTSRVDEV0951;Microsoft Open Database Connectivity
KEY;"(a917db1e9766)                                                                                                                                                                                                                                                  ";X;LOCK;GRANT;TRANSACTION;user_transaction;2024-10-21 17:25:11.357;0;67;KLABIN\svc_optiklab_dev;order_blocks;PK__order_bl__DB82E5BF8FE5FF19;ORTSRVDEV0951;Microsoft Open Database Connectivity
KEY;"(7cb452fd3748)                                                                                                                                                                                                                                                  ";X;LOCK;GRANT;TRANSACTION;user_transaction;2024-10-21 17:25:11.357;0;67;KLABIN\svc_optiklab_dev;order_blocks;PK__order_bl__DB82E5BF8FE5FF19;ORTSRVDEV0951;Microsoft Open Database Connectivity
KEY;"(0e2d15a25697)                                                                                                                                                                                                                                                  ";X;LOCK;GRANT;TRANSACTION;user_transaction;2024-10-21 17:25:11.357;0;67;KLABIN\svc_optiklab_dev;order_blocks;RID_632E1F7F00BB;ORTSRVDEV0951;Microsoft Open Database Connectivity
KEY;"(913fe9e0b8a7)                                                                                                                                                                                                                                                  ";X;LOCK;GRANT;TRANSACTION;user_transaction;2024-10-21 17:25:11.357;0;67;KLABIN\svc_optiklab_dev;order_blocks;RID_632E1F7F00BB;ORTSRVDEV0951;Microsoft Open Database Connectivity
KEY;"(0350c9d9d63b)                                                                                                                                                                                                                                                  ";X;LOCK;GRANT;TRANSACTION;user_transaction;2024-10-21 17:25:11.357;0;67;KLABIN\svc_optiklab_dev;order_blocks;PK__order_bl__DB82E5BF8FE5FF19;ORTSRVDEV0951;Microsoft Open Database Connectivity
KEY;"(a7a814850653)                                                                                                                                                                                                                                                  ";X;LOCK;GRANT;TRANSACTION;user_transaction;2024-10-21 17:25:11.357;0;67;KLABIN\svc_optiklab_dev;order_blocks;RID_632E1F7F00BB;ORTSRVDEV0951;Microsoft Open Database Connectivity
KEY;"(1cf144b37378)                                                                                                                                                                                                                                                  ";X;LOCK;GRANT;TRANSACTION;user_transaction;2024-10-21 17:25:11.357;0;67;KLABIN\svc_optiklab_dev;order_blocks;PK__order_bl__DB82E5BF8FE5FF19;ORTSRVDEV0951;Microsoft Open Database Connectivity
KEY;"(b1a7af5f3a92)                                                                                                                                                                                                                                                  ";X;LOCK;GRANT;TRANSACTION;user_transaction;2024-10-21 17:25:11.357;0;67;KLABIN\svc_optiklab_dev;order_blocks;RID_632E1F7F00BB;ORTSRVDEV0951;Microsoft Open Database Connectivity
KEY;"(6315df97920b)                                                                                                                                                                                                                                                  ";X;LOCK;GRANT;TRANSACTION;user_transaction;2024-10-21 17:25:11.357;0;67;KLABIN\svc_optiklab_dev;order_blocks;PK__order_bl__DB82E5BF8FE5FF19;ORTSRVDEV0951;Microsoft Open Database Connectivity
KEY;"(1b996db71104)                                                                                                                                                                                                                                                  ";X;LOCK;GRANT;TRANSACTION;user_transaction;2024-10-21 17:25:11.357;0;67;KLABIN\svc_optiklab_dev;order_interface_store;PK__order_in__7DB24A23B6E07ECD;ORTSRVDEV0951;Microsoft Open Database Connectivity
KEY;"(221a362b5b6c)                                                                                                                                                                                                                                                  ";X;LOCK;GRANT;TRANSACTION;user_transaction;2024-10-21 17:25:11.357;0;67;KLABIN\svc_optiklab_dev;order_interface_store;RID_63177AD50215;ORTSRVDEV0951;Microsoft Open Database Connectivity
KEY;"(3160ff9f2422)                                                                                                                                                                                                                                                  ";X;LOCK;GRANT;TRANSACTION;user_transaction;2024-10-21 17:25:11.357;0;67;KLABIN\svc_optiklab_dev;order_item_audit;PK__order_it__4B5BD7F908EB2765;ORTSRVDEV0951;Microsoft Open Database Connectivity
KEY;"(ade1ff91d453)                                                                                                                                                                                                                                                  ";X;LOCK;GRANT;TRANSACTION;user_transaction;2024-10-21 17:25:11.357;0;67;KLABIN\svc_optiklab_dev;order_item_audit;PK__order_it__4B5BD7F908EB2765;ORTSRVDEV0951;Microsoft Open Database Connectivity
KEY;"(11fe250ddd65)                                                                                                                                                                                                                                                  ";X;LOCK;GRANT;TRANSACTION;user_transaction;2024-10-21 17:25:11.357;0;67;KLABIN\svc_optiklab_dev;order_mast_audit;PK__order_ma__4B5BD7F970BE1A0E;ORTSRVDEV0951;Microsoft Open Database Connectivity
OBJECT;"                                                                                                                                                                                                                                                                ";IX;LOCK;GRANT;TRANSACTION;user_transaction;2024-10-21 17:25:11.357;0;67;KLABIN\svc_optiklab_dev;bottle_flat;NULL;ORTSRVDEV0951;Microsoft Open Database Connectivity
OBJECT;"                                                                                                                                                                                                                                                                ";IX;LOCK;GRANT;TRANSACTION;user_transaction;2024-10-21 17:25:11.357;0;67;KLABIN\svc_optiklab_dev;consignee;NULL;ORTSRVDEV0951;Microsoft Open Database Connectivity
OBJECT;"                                                                                                                                                                                                                                                                ";IX;LOCK;GRANT;TRANSACTION;user_transaction;2024-10-21 17:25:11.357;0;67;KLABIN\svc_optiklab_dev;consignee_stage;NULL;ORTSRVDEV0951;Microsoft Open Database Connectivity
OBJECT;"                                                                                                                                                                                                                                                                ";IX;LOCK;GRANT;TRANSACTION;user_transaction;2024-10-21 17:25:11.357;0;67;KLABIN\svc_optiklab_dev;customer;NULL;ORTSRVDEV0951;Microsoft Open Database Connectivity
OBJECT;"                                                                                                                                                                                                                                                                ";IX;LOCK;GRANT;TRANSACTION;user_transaction;2024-10-21 17:25:11.357;0;67;KLABIN\svc_optiklab_dev;customer_stage;NULL;ORTSRVDEV0951;Microsoft Open Database Connectivity
OBJECT;"                                                                                                                                                                                                                                                                ";IX;LOCK;GRANT;TRANSACTION;user_transaction;2024-10-21 17:25:11.357;0;67;KLABIN\svc_optiklab_dev;interface_error_log;NULL;ORTSRVDEV0951;Microsoft Open Database Connectivity
OBJECT;"                                                                                                                                                                                                                                                                ";IX;LOCK;GRANT;TRANSACTION;user_transaction;2024-10-21 17:25:11.357;0;67;KLABIN\svc_optiklab_dev;message_stat_receive;NULL;ORTSRVDEV0951;Microsoft Open Database Connectivity
OBJECT;"                                                                                                                                                                                                                                                                ";IX;LOCK;GRANT;TRANSACTION;user_transaction;2024-10-21 17:25:11.357;0;67;KLABIN\svc_optiklab_dev;order_blocks;NULL;ORTSRVDEV0951;Microsoft Open Database Connectivity
OBJECT;"                                                                                                                                                                                                                                                                ";IX;LOCK;GRANT;TRANSACTION;user_transaction;2024-10-21 17:25:11.357;0;67;KLABIN\svc_optiklab_dev;order_header_stage;NULL;ORTSRVDEV0951;Microsoft Open Database Connectivity
OBJECT;"                                                                                                                                                                                                                                                                ";IX;LOCK;GRANT;TRANSACTION;user_transaction;2024-10-21 17:25:11.357;0;67;KLABIN\svc_optiklab_dev;order_interface_store;NULL;ORTSRVDEV0951;Microsoft Open Database Connectivity
OBJECT;"                                                                                                                                                                                                                                                                ";IX;LOCK;GRANT;TRANSACTION;user_transaction;2024-10-21 17:25:11.357;0;67;KLABIN\svc_optiklab_dev;order_item;NULL;ORTSRVDEV0951;Microsoft Open Database Connectivity
OBJECT;"                                                                                                                                                                                                                                                                ";IX;LOCK;GRANT;TRANSACTION;user_transaction;2024-10-21 17:25:11.357;0;67;KLABIN\svc_optiklab_dev;order_item_audit;NULL;ORTSRVDEV0951;Microsoft Open Database Connectivity
OBJECT;"                                                                                                                                                                                                                                                                ";IX;LOCK;GRANT;TRANSACTION;user_transaction;2024-10-21 17:25:11.357;0;67;KLABIN\svc_optiklab_dev;order_mast;NULL;ORTSRVDEV0951;Microsoft Open Database Connectivity
OBJECT;"                                                                                                                                                                                                                                                                ";IX;LOCK;GRANT;TRANSACTION;user_transaction;2024-10-21 17:25:11.357;0;67;KLABIN\svc_optiklab_dev;order_mast_audit;NULL;ORTSRVDEV0951;Microsoft Open Database Connectivity
PAGE;"1:37473                                                                                                                                                                                                                                                         ";IX;LOCK;GRANT;TRANSACTION;user_transaction;2024-10-21 17:25:11.357;0;67;KLABIN\svc_optiklab_dev;bottle_flat;NULL;ORTSRVDEV0951;Microsoft Open Database Connectivity
PAGE;"1:82816                                                                                                                                                                                                                                                         ";IX;LOCK;GRANT;TRANSACTION;user_transaction;2024-10-21 17:25:11.357;0;67;KLABIN\svc_optiklab_dev;bottle_flat;PK__bottle_f__6C87462ED3024286;ORTSRVDEV0951;Microsoft Open Database Connectivity
PAGE;"1:16661                                                                                                                                                                                                                                                         ";IX;LOCK;GRANT;TRANSACTION;user_transaction;2024-10-21 17:25:11.357;0;67;KLABIN\svc_optiklab_dev;bottle_flat;RID_632E1F7F0018;ORTSRVDEV0951;Microsoft Open Database Connectivity
PAGE;"1:16660                                                                                                                                                                                                                                                         ";IX;LOCK;GRANT;TRANSACTION;user_transaction;2024-10-21 17:25:11.357;0;67;KLABIN\svc_optiklab_dev;bottle_flat;RID_632E1F7F0018;ORTSRVDEV0951;Microsoft Open Database Connectivity
PAGE;"1:16662                                                                                                                                                                                                                                                         ";IX;LOCK;GRANT;TRANSACTION;user_transaction;2024-10-21 17:25:11.357;0;67;KLABIN\svc_optiklab_dev;bottle_flat;RID_632E1F7F0018;ORTSRVDEV0951;Microsoft Open Database Connectivity
PAGE;"1:16656                                                                                                                                                                                                                                                         ";IX;LOCK;GRANT;TRANSACTION;user_transaction;2024-10-21 17:25:11.357;0;67;KLABIN\svc_optiklab_dev;bottle_flat;RID_632E1F7F0018;ORTSRVDEV0951;Microsoft Open Database Connectivity
PAGE;"1:16659                                                                                                                                                                                                                                                         ";IX;LOCK;GRANT;TRANSACTION;user_transaction;2024-10-21 17:25:11.357;0;67;KLABIN\svc_optiklab_dev;bottle_flat;RID_632E1F7F0018;ORTSRVDEV0951;Microsoft Open Database Connectivity
PAGE;"1:8566                                                                                                                                                                                                                                                          ";IX;LOCK;GRANT;TRANSACTION;user_transaction;2024-10-21 17:25:11.357;0;67;KLABIN\svc_optiklab_dev;bottle_flat;PK__bottle_f__6C87462ED3024286;ORTSRVDEV0951;Microsoft Open Database Connectivity
PAGE;"1:8560                                                                                                                                                                                                                                                          ";IX;LOCK;GRANT;TRANSACTION;user_transaction;2024-10-21 17:25:11.357;0;67;KLABIN\svc_optiklab_dev;bottle_flat;PK__bottle_f__6C87462ED3024286;ORTSRVDEV0951;Microsoft Open Database Connectivity
PAGE;"1:41051                                                                                                                                                                                                                                                         ";IX;LOCK;GRANT;TRANSACTION;user_transaction;2024-10-21 17:25:11.357;0;67;KLABIN\svc_optiklab_dev;consignee;NULL;ORTSRVDEV0951;Microsoft Open Database Connectivity
PAGE;"1:539210                                                                                                                                                                                                                                                        ";IX;LOCK;GRANT;TRANSACTION;user_transaction;2024-10-21 17:25:11.357;0;67;KLABIN\svc_optiklab_dev;consignee_stage;NULL;ORTSRVDEV0951;Microsoft Open Database Connectivity
PAGE;"1:8828                                                                                                                                                                                                                                                          ";IX;LOCK;GRANT;TRANSACTION;user_transaction;2024-10-21 17:25:11.357;0;67;KLABIN\svc_optiklab_dev;customer;NULL;ORTSRVDEV0951;Microsoft Open Database Connectivity
PAGE;"1:539144                                                                                                                                                                                                                                                        ";IX;LOCK;GRANT;TRANSACTION;user_transaction;2024-10-21 17:25:11.357;0;67;KLABIN\svc_optiklab_dev;customer_stage;NULL;ORTSRVDEV0951;Microsoft Open Database Connectivity
PAGE;"1:194061                                                                                                                                                                                                                                                        ";IX;LOCK;GRANT;TRANSACTION;user_transaction;2024-10-21 17:25:11.357;0;67;KLABIN\svc_optiklab_dev;interface_error_log;RID_63B9A7560463;ORTSRVDEV0951;Microsoft Open Database Connectivity
PAGE;"1:217832                                                                                                                                                                                                                                                        ";IX;LOCK;GRANT;TRANSACTION;user_transaction;2024-10-21 17:25:11.357;0;67;KLABIN\svc_optiklab_dev;interface_error_log;RID_63B9A7560463;ORTSRVDEV0951;Microsoft Open Database Connectivity
PAGE;"1:530842                                                                                                                                                                                                                                                        ";IX;LOCK;GRANT;TRANSACTION;user_transaction;2024-10-21 17:25:11.357;0;67;KLABIN\svc_optiklab_dev;interface_error_log;RID_63B9A7560463;ORTSRVDEV0951;Microsoft Open Database Connectivity
PAGE;"1:540280                                                                                                                                                                                                                                                        ";IX;LOCK;GRANT;TRANSACTION;user_transaction;2024-10-21 17:25:11.357;0;67;KLABIN\svc_optiklab_dev;interface_error_log;PK__interfac__1021610426A13CA7;ORTSRVDEV0951;Microsoft Open Database Connectivity
PAGE;"1:540282                                                                                                                                                                                                                                                        ";IX;LOCK;GRANT;TRANSACTION;user_transaction;2024-10-21 17:25:11.357;0;67;KLABIN\svc_optiklab_dev;interface_error_log;PK__interfac__1021610426A13CA7;ORTSRVDEV0951;Microsoft Open Database Connectivity
PAGE;"1:540355                                                                                                                                                                                                                                                        ";IX;LOCK;GRANT;TRANSACTION;user_transaction;2024-10-21 17:25:11.357;0;67;KLABIN\svc_optiklab_dev;interface_error_log;NULL;ORTSRVDEV0951;Microsoft Open Database Connectivity
PAGE;"1:539946                                                                                                                                                                                                                                                        ";IX;LOCK;GRANT;TRANSACTION;user_transaction;2024-10-21 17:25:11.357;0;67;KLABIN\svc_optiklab_dev;interface_error_log;PK__interfac__1021610426A13CA7;ORTSRVDEV0951;Microsoft Open Database Connectivity
PAGE;"1:539945                                                                                                                                                                                                                                                        ";IX;LOCK;GRANT;TRANSACTION;user_transaction;2024-10-21 17:25:11.357;0;67;KLABIN\svc_optiklab_dev;interface_error_log;PK__interfac__1021610426A13CA7;ORTSRVDEV0951;Microsoft Open Database Connectivity
PAGE;"1:209946                                                                                                                                                                                                                                                        ";IX;LOCK;GRANT;TRANSACTION;user_transaction;2024-10-21 17:25:11.357;0;67;KLABIN\svc_optiklab_dev;interface_error_log;RID_63B9A7560463;ORTSRVDEV0951;Microsoft Open Database Connectivity
PAGE;"1:219065                                                                                                                                                                                                                                                        ";IX;LOCK;GRANT;TRANSACTION;user_transaction;2024-10-21 17:25:11.357;0;67;KLABIN\svc_optiklab_dev;interface_error_log;RID_63B9A7560463;ORTSRVDEV0951;Microsoft Open Database Connectivity
PAGE;"1:539980                                                                                                                                                                                                                                                        ";IX;LOCK;GRANT;TRANSACTION;user_transaction;2024-10-21 17:25:11.357;0;67;KLABIN\svc_optiklab_dev;message_stat_receive;PK__message___4E3ED676ED16D31E;ORTSRVDEV0951;Microsoft Open Database Connectivity
PAGE;"1:539785                                                                                                                                                                                                                                                        ";IX;LOCK;GRANT;TRANSACTION;user_transaction;2024-10-21 17:25:11.357;0;67;KLABIN\svc_optiklab_dev;message_stat_receive;RID_63177F950226;ORTSRVDEV0951;Microsoft Open Database Connectivity
PAGE;"1:539786                                                                                                                                                                                                                                                        ";IX;LOCK;GRANT;TRANSACTION;user_transaction;2024-10-21 17:25:11.357;0;67;KLABIN\svc_optiklab_dev;message_stat_receive;RID_63177F950226;ORTSRVDEV0951;Microsoft Open Database Connectivity
PAGE;"1:540317                                                                                                                                                                                                                                                        ";IX;LOCK;GRANT;TRANSACTION;user_transaction;2024-10-21 17:25:11.357;0;67;KLABIN\svc_optiklab_dev;message_stat_receive;NULL;ORTSRVDEV0951;Microsoft Open Database Connectivity
PAGE;"1:540316                                                                                                                                                                                                                                                        ";IX;LOCK;GRANT;TRANSACTION;user_transaction;2024-10-21 17:25:11.357;0;67;KLABIN\svc_optiklab_dev;message_stat_receive;NULL;ORTSRVDEV0951;Microsoft Open Database Connectivity
PAGE;"1:540288                                                                                                                                                                                                                                                        ";IX;LOCK;GRANT;TRANSACTION;user_transaction;2024-10-21 17:25:11.357;0;67;KLABIN\svc_optiklab_dev;message_stat_receive;PK__message___4E3ED676ED16D31E;ORTSRVDEV0951;Microsoft Open Database Connectivity
PAGE;"1:540294                                                                                                                                                                                                                                                        ";IX;LOCK;GRANT;TRANSACTION;user_transaction;2024-10-21 17:25:11.357;0;67;KLABIN\svc_optiklab_dev;message_stat_receive;PK__message___4E3ED676ED16D31E;ORTSRVDEV0951;Microsoft Open Database Connectivity
PAGE;"1:539302                                                                                                                                                                                                                                                        ";IX;LOCK;GRANT;TRANSACTION;user_transaction;2024-10-21 17:25:11.357;0;67;KLABIN\svc_optiklab_dev;message_stat_receive;RID_63177F950226;ORTSRVDEV0951;Microsoft Open Database Connectivity
PAGE;"1:532125                                                                                                                                                                                                                                                        ";IX;LOCK;GRANT;TRANSACTION;user_transaction;2024-10-21 17:25:11.357;0;67;KLABIN\svc_optiklab_dev;order_blocks;NULL;ORTSRVDEV0951;Microsoft Open Database Connectivity
PAGE;"1:531652                                                                                                                                                                                                                                                        ";IX;LOCK;GRANT;TRANSACTION;user_transaction;2024-10-21 17:25:11.357;0;67;KLABIN\svc_optiklab_dev;order_blocks;PK__order_bl__DB82E5BF8FE5FF19;ORTSRVDEV0951;Microsoft Open Database Connectivity
PAGE;"1:86461                                                                                                                                                                                                                                                         ";IX;LOCK;GRANT;TRANSACTION;user_transaction;2024-10-21 17:25:11.357;0;67;KLABIN\svc_optiklab_dev;order_blocks;RID_632E1F7F00BB;ORTSRVDEV0951;Microsoft Open Database Connectivity
PAGE;"1:532832                                                                                                                                                                                                                                                        ";IX;LOCK;GRANT;TRANSACTION;user_transaction;2024-10-21 17:25:11.357;0;67;KLABIN\svc_optiklab_dev;order_blocks;NULL;ORTSRVDEV0951;Microsoft Open Database Connectivity
PAGE;"1:532833                                                                                                                                                                                                                                                        ";IX;LOCK;GRANT;TRANSACTION;user_transaction;2024-10-21 17:25:11.357;0;67;KLABIN\svc_optiklab_dev;order_blocks;NULL;ORTSRVDEV0951;Microsoft Open Database Connectivity
PAGE;"1:96537                                                                                                                                                                                                                                                         ";IX;LOCK;GRANT;TRANSACTION;user_transaction;2024-10-21 17:25:11.357;0;67;KLABIN\svc_optiklab_dev;order_blocks;RID_632E1F7F00BB;ORTSRVDEV0951;Microsoft Open Database Connectivity
PAGE;"1:39637                                                                                                                                                                                                                                                         ";IX;LOCK;GRANT;TRANSACTION;user_transaction;2024-10-21 17:25:11.357;0;67;KLABIN\svc_optiklab_dev;order_blocks;RID_632E1F7F00BB;ORTSRVDEV0951;Microsoft Open Database Connectivity
PAGE;"1:529758                                                                                                                                                                                                                                                        ";IX;LOCK;GRANT;TRANSACTION;user_transaction;2024-10-21 17:25:11.357;0;67;KLABIN\svc_optiklab_dev;order_blocks;RID_632E1F7F00BB;ORTSRVDEV0951;Microsoft Open Database Connectivity
PAGE;"1:529759                                                                                                                                                                                                                                                        ";IX;LOCK;GRANT;TRANSACTION;user_transaction;2024-10-21 17:25:11.357;0;67;KLABIN\svc_optiklab_dev;order_blocks;RID_632E1F7F00BB;ORTSRVDEV0951;Microsoft Open Database Connectivity
PAGE;"1:537278                                                                                                                                                                                                                                                        ";IX;LOCK;GRANT;TRANSACTION;user_transaction;2024-10-21 17:25:11.357;0;67;KLABIN\svc_optiklab_dev;order_header_stage;NULL;ORTSRVDEV0951;Microsoft Open Database Connectivity
PAGE;"1:539653                                                                                                                                                                                                                                                        ";IX;LOCK;GRANT;TRANSACTION;user_transaction;2024-10-21 17:25:11.357;0;67;KLABIN\svc_optiklab_dev;order_interface_store;PK__order_in__7DB24A23B6E07ECD;ORTSRVDEV0951;Microsoft Open Database Connectivity
PAGE;"1:540400                                                                                                                                                                                                                                                        ";IX;LOCK;GRANT;TRANSACTION;user_transaction;2024-10-21 17:25:11.357;0;67;KLABIN\svc_optiklab_dev;order_interface_store;NULL;ORTSRVDEV0951;Microsoft Open Database Connectivity
PAGE;"1:537860                                                                                                                                                                                                                                                        ";IX;LOCK;GRANT;TRANSACTION;user_transaction;2024-10-21 17:25:11.357;0;67;KLABIN\svc_optiklab_dev;order_interface_store;RID_63177AD50215;ORTSRVDEV0951;Microsoft Open Database Connectivity
PAGE;"1:532717                                                                                                                                                                                                                                                        ";IX;LOCK;GRANT;TRANSACTION;user_transaction;2024-10-21 17:25:11.357;0;67;KLABIN\svc_optiklab_dev;order_item;NULL;ORTSRVDEV0951;Microsoft Open Database Connectivity
PAGE;"1:540366                                                                                                                                                                                                                                                        ";IX;LOCK;GRANT;TRANSACTION;user_transaction;2024-10-21 17:25:11.357;0;67;KLABIN\svc_optiklab_dev;order_item_audit;NULL;ORTSRVDEV0951;Microsoft Open Database Connectivity
PAGE;"1:536508                                                                                                                                                                                                                                                        ";IX;LOCK;GRANT;TRANSACTION;user_transaction;2024-10-21 17:25:11.357;0;67;KLABIN\svc_optiklab_dev;order_item_audit;PK__order_it__4B5BD7F908EB2765;ORTSRVDEV0951;Microsoft Open Database Connectivity
PAGE;"1:1957                                                                                                                                                                                                                                                          ";IX;LOCK;GRANT;TRANSACTION;user_transaction;2024-10-21 17:25:11.357;0;67;KLABIN\svc_optiklab_dev;order_item_audit;PK__order_it__4B5BD7F908EB2765;ORTSRVDEV0951;Microsoft Open Database Connectivity
PAGE;"1:14095                                                                                                                                                                                                                                                         ";IX;LOCK;GRANT;TRANSACTION;user_transaction;2024-10-21 17:25:11.357;0;67;KLABIN\svc_optiklab_dev;order_mast;NULL;ORTSRVDEV0951;Microsoft Open Database Connectivity
PAGE;"1:531473                                                                                                                                                                                                                                                        ";IX;LOCK;GRANT;TRANSACTION;user_transaction;2024-10-21 17:25:11.357;0;67;KLABIN\svc_optiklab_dev;order_mast_audit;PK__order_ma__4B5BD7F970BE1A0E;ORTSRVDEV0951;Microsoft Open Database Connectivity
PAGE;"1:540252                                                                                                                                                                                                                                                        ";IX;LOCK;GRANT;TRANSACTION;user_transaction;2024-10-21 17:25:11.357;0;67;KLABIN\svc_optiklab_dev;order_mast_audit;NULL;ORTSRVDEV0951;Microsoft Open Database Connectivity
RID;"1:37473:156                                                                                                                                                                                                                                                     ";X;LOCK;GRANT;TRANSACTION;user_transaction;2024-10-21 17:25:11.357;0;67;KLABIN\svc_optiklab_dev;bottle_flat;NULL;ORTSRVDEV0951;Microsoft Open Database Connectivity
RID;"1:37473:140                                                                                                                                                                                                                                                     ";X;LOCK;GRANT;TRANSACTION;user_transaction;2024-10-21 17:25:11.357;0;67;KLABIN\svc_optiklab_dev;bottle_flat;NULL;ORTSRVDEV0951;Microsoft Open Database Connectivity
RID;"1:37473:157                                                                                                                                                                                                                                                     ";X;LOCK;GRANT;TRANSACTION;user_transaction;2024-10-21 17:25:11.357;0;67;KLABIN\svc_optiklab_dev;bottle_flat;NULL;ORTSRVDEV0951;Microsoft Open Database Connectivity
RID;"1:37473:143                                                                                                                                                                                                                                                     ";X;LOCK;GRANT;TRANSACTION;user_transaction;2024-10-21 17:25:11.357;0;67;KLABIN\svc_optiklab_dev;bottle_flat;NULL;ORTSRVDEV0951;Microsoft Open Database Connectivity
RID;"1:37473:127                                                                                                                                                                                                                                                     ";X;LOCK;GRANT;TRANSACTION;user_transaction;2024-10-21 17:25:11.357;0;67;KLABIN\svc_optiklab_dev;bottle_flat;NULL;ORTSRVDEV0951;Microsoft Open Database Connectivity
RID;"1:37473:129                                                                                                                                                                                                                                                     ";X;LOCK;GRANT;TRANSACTION;user_transaction;2024-10-21 17:25:11.357;0;67;KLABIN\svc_optiklab_dev;bottle_flat;NULL;ORTSRVDEV0951;Microsoft Open Database Connectivity
RID;"1:37473:144                                                                                                                                                                                                                                                     ";X;LOCK;GRANT;TRANSACTION;user_transaction;2024-10-21 17:25:11.357;0;67;KLABIN\svc_optiklab_dev;bottle_flat;NULL;ORTSRVDEV0951;Microsoft Open Database Connectivity
RID;"1:37473:158                                                                                                                                                                                                                                                     ";X;LOCK;GRANT;TRANSACTION;user_transaction;2024-10-21 17:25:11.357;0;67;KLABIN\svc_optiklab_dev;bottle_flat;NULL;ORTSRVDEV0951;Microsoft Open Database Connectivity
RID;"1:37473:142                                                                                                                                                                                                                                                     ";X;LOCK;GRANT;TRANSACTION;user_transaction;2024-10-21 17:25:11.357;0;67;KLABIN\svc_optiklab_dev;bottle_flat;NULL;ORTSRVDEV0951;Microsoft Open Database Connectivity
RID;"1:37473:126                                                                                                                                                                                                                                                     ";X;LOCK;GRANT;TRANSACTION;user_transaction;2024-10-21 17:25:11.357;0;67;KLABIN\svc_optiklab_dev;bottle_flat;NULL;ORTSRVDEV0951;Microsoft Open Database Connectivity
RID;"1:37473:145                                                                                                                                                                                                                                                     ";X;LOCK;GRANT;TRANSACTION;user_transaction;2024-10-21 17:25:11.357;0;67;KLABIN\svc_optiklab_dev;bottle_flat;NULL;ORTSRVDEV0951;Microsoft Open Database Connectivity
RID;"1:37473:149                                                                                                                                                                                                                                                     ";X;LOCK;GRANT;TRANSACTION;user_transaction;2024-10-21 17:25:11.357;0;67;KLABIN\svc_optiklab_dev;bottle_flat;NULL;ORTSRVDEV0951;Microsoft Open Database Connectivity
RID;"1:37473:146                                                                                                                                                                                                                                                     ";X;LOCK;GRANT;TRANSACTION;user_transaction;2024-10-21 17:25:11.357;0;67;KLABIN\svc_optiklab_dev;bottle_flat;NULL;ORTSRVDEV0951;Microsoft Open Database Connectivity
RID;"1:37473:147                                                                                                                                                                                                                                                     ";X;LOCK;GRANT;TRANSACTION;user_transaction;2024-10-21 17:25:11.357;0;67;KLABIN\svc_optiklab_dev;bottle_flat;NULL;ORTSRVDEV0951;Microsoft Open Database Connectivity
RID;"1:37473:128                                                                                                                                                                                                                                                     ";X;LOCK;GRANT;TRANSACTION;user_transaction;2024-10-21 17:25:11.357;0;67;KLABIN\svc_optiklab_dev;bottle_flat;NULL;ORTSRVDEV0951;Microsoft Open Database Connectivity
RID;"1:37473:151                                                                                                                                                                                                                                                     ";X;LOCK;GRANT;TRANSACTION;user_transaction;2024-10-21 17:25:11.357;0;67;KLABIN\svc_optiklab_dev;bottle_flat;NULL;ORTSRVDEV0951;Microsoft Open Database Connectivity
RID;"1:37473:148                                                                                                                                                                                                                                                     ";X;LOCK;GRANT;TRANSACTION;user_transaction;2024-10-21 17:25:11.357;0;67;KLABIN\svc_optiklab_dev;bottle_flat;NULL;ORTSRVDEV0951;Microsoft Open Database Connectivity
RID;"1:37473:150                                                                                                                                                                                                                                                     ";X;LOCK;GRANT;TRANSACTION;user_transaction;2024-10-21 17:25:11.357;0;67;KLABIN\svc_optiklab_dev;bottle_flat;NULL;ORTSRVDEV0951;Microsoft Open Database Connectivity
RID;"1:37473:154                                                                                                                                                                                                                                                     ";X;LOCK;GRANT;TRANSACTION;user_transaction;2024-10-21 17:25:11.357;0;67;KLABIN\svc_optiklab_dev;bottle_flat;NULL;ORTSRVDEV0951;Microsoft Open Database Connectivity
RID;"1:37473:141                                                                                                                                                                                                                                                     ";X;LOCK;GRANT;TRANSACTION;user_transaction;2024-10-21 17:25:11.357;0;67;KLABIN\svc_optiklab_dev;bottle_flat;NULL;ORTSRVDEV0951;Microsoft Open Database Connectivity
RID;"1:37473:125                                                                                                                                                                                                                                                     ";X;LOCK;GRANT;TRANSACTION;user_transaction;2024-10-21 17:25:11.357;0;67;KLABIN\svc_optiklab_dev;bottle_flat;NULL;ORTSRVDEV0951;Microsoft Open Database Connectivity
RID;"1:37473:155                                                                                                                                                                                                                                                     ";X;LOCK;GRANT;TRANSACTION;user_transaction;2024-10-21 17:25:11.357;0;67;KLABIN\svc_optiklab_dev;bottle_flat;NULL;ORTSRVDEV0951;Microsoft Open Database Connectivity
RID;"1:37473:139                                                                                                                                                                                                                                                     ";X;LOCK;GRANT;TRANSACTION;user_transaction;2024-10-21 17:25:11.357;0;67;KLABIN\svc_optiklab_dev;bottle_flat;NULL;ORTSRVDEV0951;Microsoft Open Database Connectivity
RID;"1:37473:153                                                                                                                                                                                                                                                     ";X;LOCK;GRANT;TRANSACTION;user_transaction;2024-10-21 17:25:11.357;0;67;KLABIN\svc_optiklab_dev;bottle_flat;NULL;ORTSRVDEV0951;Microsoft Open Database Connectivity
RID;"1:37473:152                                                                                                                                                                                                                                                     ";X;LOCK;GRANT;TRANSACTION;user_transaction;2024-10-21 17:25:11.357;0;67;KLABIN\svc_optiklab_dev;bottle_flat;NULL;ORTSRVDEV0951;Microsoft Open Database Connectivity
RID;"1:41051:2                                                                                                                                                                                                                                                       ";X;LOCK;GRANT;TRANSACTION;user_transaction;2024-10-21 17:25:11.357;0;67;KLABIN\svc_optiklab_dev;consignee;NULL;ORTSRVDEV0951;Microsoft Open Database Connectivity
RID;"1:539210:4                                                                                                                                                                                                                                                      ";X;LOCK;GRANT;TRANSACTION;user_transaction;2024-10-21 17:25:11.357;0;67;KLABIN\svc_optiklab_dev;consignee_stage;NULL;ORTSRVDEV0951;Microsoft Open Database Connectivity
RID;"1:8828:2                                                                                                                                                                                                                                                        ";X;LOCK;GRANT;TRANSACTION;user_transaction;2024-10-21 17:25:11.357;0;67;KLABIN\svc_optiklab_dev;customer;NULL;ORTSRVDEV0951;Microsoft Open Database Connectivity
RID;"1:539144:11                                                                                                                                                                                                                                                     ";X;LOCK;GRANT;TRANSACTION;user_transaction;2024-10-21 17:25:11.357;0;67;KLABIN\svc_optiklab_dev;customer_stage;NULL;ORTSRVDEV0951;Microsoft Open Database Connectivity
RID;"1:540355:9                                                                                                                                                                                                                                                      ";X;LOCK;GRANT;TRANSACTION;user_transaction;2024-10-21 17:25:11.357;0;67;KLABIN\svc_optiklab_dev;interface_error_log;NULL;ORTSRVDEV0951;Microsoft Open Database Connectivity
RID;"1:540355:11                                                                                                                                                                                                                                                     ";X;LOCK;GRANT;TRANSACTION;user_transaction;2024-10-21 17:25:11.357;0;67;KLABIN\svc_optiklab_dev;interface_error_log;NULL;ORTSRVDEV0951;Microsoft Open Database Connectivity
RID;"1:540355:8                                                                                                                                                                                                                                                      ";X;LOCK;GRANT;TRANSACTION;user_transaction;2024-10-21 17:25:11.357;0;67;KLABIN\svc_optiklab_dev;interface_error_log;NULL;ORTSRVDEV0951;Microsoft Open Database Connectivity
RID;"1:540355:10                                                                                                                                                                                                                                                     ";X;LOCK;GRANT;TRANSACTION;user_transaction;2024-10-21 17:25:11.357;0;67;KLABIN\svc_optiklab_dev;interface_error_log;NULL;ORTSRVDEV0951;Microsoft Open Database Connectivity
RID;"1:540355:7                                                                                                                                                                                                                                                      ";X;LOCK;GRANT;TRANSACTION;user_transaction;2024-10-21 17:25:11.357;0;67;KLABIN\svc_optiklab_dev;interface_error_log;NULL;ORTSRVDEV0951;Microsoft Open Database Connectivity
RID;"1:540316:72                                                                                                                                                                                                                                                     ";X;LOCK;GRANT;TRANSACTION;user_transaction;2024-10-21 17:25:11.357;0;67;KLABIN\svc_optiklab_dev;message_stat_receive;NULL;ORTSRVDEV0951;Microsoft Open Database Connectivity
RID;"1:540316:73                                                                                                                                                                                                                                                     ";X;LOCK;GRANT;TRANSACTION;user_transaction;2024-10-21 17:25:11.357;0;67;KLABIN\svc_optiklab_dev;message_stat_receive;NULL;ORTSRVDEV0951;Microsoft Open Database Connectivity
RID;"1:540317:0                                                                                                                                                                                                                                                      ";X;LOCK;GRANT;TRANSACTION;user_transaction;2024-10-21 17:25:11.357;0;67;KLABIN\svc_optiklab_dev;message_stat_receive;NULL;ORTSRVDEV0951;Microsoft Open Database Connectivity
RID;"1:532833:81                                                                                                                                                                                                                                                     ";X;LOCK;GRANT;TRANSACTION;user_transaction;2024-10-21 17:25:11.357;0;67;KLABIN\svc_optiklab_dev;order_blocks;NULL;ORTSRVDEV0951;Microsoft Open Database Connectivity
RID;"1:532832:48                                                                                                                                                                                                                                                     ";X;LOCK;GRANT;TRANSACTION;user_transaction;2024-10-21 17:25:11.357;0;67;KLABIN\svc_optiklab_dev;order_blocks;NULL;ORTSRVDEV0951;Microsoft Open Database Connectivity
RID;"1:532833:82                                                                                                                                                                                                                                                     ";X;LOCK;GRANT;TRANSACTION;user_transaction;2024-10-21 17:25:11.357;0;67;KLABIN\svc_optiklab_dev;order_blocks;NULL;ORTSRVDEV0951;Microsoft Open Database Connectivity
RID;"1:532125:12                                                                                                                                                                                                                                                     ";X;LOCK;GRANT;TRANSACTION;user_transaction;2024-10-21 17:25:11.357;0;67;KLABIN\svc_optiklab_dev;order_blocks;NULL;ORTSRVDEV0951;Microsoft Open Database Connectivity
RID;"1:532833:83                                                                                                                                                                                                                                                     ";X;LOCK;GRANT;TRANSACTION;user_transaction;2024-10-21 17:25:11.357;0;67;KLABIN\svc_optiklab_dev;order_blocks;NULL;ORTSRVDEV0951;Microsoft Open Database Connectivity
RID;"1:537278:30                                                                                                                                                                                                                                                     ";X;LOCK;GRANT;TRANSACTION;user_transaction;2024-10-21 17:25:11.357;0;67;KLABIN\svc_optiklab_dev;order_header_stage;NULL;ORTSRVDEV0951;Microsoft Open Database Connectivity
RID;"1:540400:21                                                                                                                                                                                                                                                     ";X;LOCK;GRANT;TRANSACTION;user_transaction;2024-10-21 17:25:11.357;0;67;KLABIN\svc_optiklab_dev;order_interface_store;NULL;ORTSRVDEV0951;Microsoft Open Database Connectivity
RID;"1:532717:6                                                                                                                                                                                                                                                      ";X;LOCK;GRANT;TRANSACTION;user_transaction;2024-10-21 17:25:11.357;0;67;KLABIN\svc_optiklab_dev;order_item;NULL;ORTSRVDEV0951;Microsoft Open Database Connectivity
RID;"1:540366:1                                                                                                                                                                                                                                                      ";X;LOCK;GRANT;TRANSACTION;user_transaction;2024-10-21 17:25:11.357;0;67;KLABIN\svc_optiklab_dev;order_item_audit;NULL;ORTSRVDEV0951;Microsoft Open Database Connectivity
RID;"1:540366:0                                                                                                                                                                                                                                                      ";X;LOCK;GRANT;TRANSACTION;user_transaction;2024-10-21 17:25:11.357;0;67;KLABIN\svc_optiklab_dev;order_item_audit;NULL;ORTSRVDEV0951;Microsoft Open Database Connectivity
RID;"1:14095:31                                                                                                                                                                                                                                                      ";X;LOCK;GRANT;TRANSACTION;user_transaction;2024-10-21 17:25:11.357;0;67;KLABIN\svc_optiklab_dev;order_mast;NULL;ORTSRVDEV0951;Microsoft Open Database Connectivity
RID;"1:540252:12                                                                                                                                                                                                                                                     ";X;LOCK;GRANT;TRANSACTION;user_transaction;2024-10-21 17:25:11.357;0;67;KLABIN\svc_optiklab_dev;order_mast_audit;NULL;ORTSRVDEV0951;Microsoft Open Database Connectivity
